id	pitch	pitch_mm	use	surface	front_service	module_size	price_usd	price_currency	valid_until	seller	seller_url	seller_email	product_url	availability	tax_included	shipping_included
p1-25-ic-gob	P1.25	1.25	ic	GOB	no	320 × 160 mm	95.88	USD	2026-12-31	ARLEDSCREEN	https://arledscreen.com	arled@arledscreen.com	https://arledscreen.com/tr/products/gob-led-ekran/p1-25-gob/	InStock	false	false
p1-53-ic-gob	P1.53	1.53	ic	GOB	no	320 × 160 mm	62.08	USD	2026-12-31	ARLEDSCREEN	https://arledscreen.com	arled@arledscreen.com	https://arledscreen.com/tr/products/gob-led-ekran/p1-53-gob/	InStock	false	false
p1-86-ic-gob	P1.86	1.86	ic	GOB	no	320 × 160 mm	49.08	USD	2026-12-31	ARLEDSCREEN	https://arledscreen.com	arled@arledscreen.com	https://arledscreen.com/tr/products/gob-led-ekran/p1-86-gob/	InStock	false	false
p2-5-ic	P2.5	2.5	ic	none	no	320 × 160 mm	32.18	USD	2026-12-31	ARLEDSCREEN	https://arledscreen.com	arled@arledscreen.com	https://arledscreen.com/tr/products/ic-mekan-led-ekran/p2-5/	InStock	false	false
p3-07-ic	P3.07	3.07	ic	none	no	320 × 160 mm	30.88	USD	2026-12-31	ARLEDSCREEN	https://arledscreen.com	arled@arledscreen.com	https://arledscreen.com/tr/products/ic-mekan-led-ekran/p3-07/	InStock	false	false
p4-ic	P4	4	ic	none	no	320 × 160 mm	26.98	USD	2026-12-31	ARLEDSCREEN	https://arledscreen.com	arled@arledscreen.com	https://arledscreen.com/tr/products/ic-mekan-led-ekran/p4/	InStock	false	false
p2-5-dis	P2.5	2.5	dis	none	no	320 × 160 mm	63.70	USD	2026-12-31	ARLEDSCREEN	https://arledscreen.com	arled@arledscreen.com	https://arledscreen.com/tr/products/dis-mekan-led-ekran/p2-5/	InStock	false	false
p2-9-dis	P2.9	2.9	dis	none	no	250 × 250 mm	53.30	USD	2026-12-31	ARLEDSCREEN	https://arledscreen.com	arled@arledscreen.com	https://arledscreen.com/tr/products/dis-mekan-led-ekran/p2-9/	InStock	false	false
p3-07-dis	P3.07	3.07	dis	none	no	320 × 160 mm	44.20	USD	2026-12-31	ARLEDSCREEN	https://arledscreen.com	arled@arledscreen.com	https://arledscreen.com/tr/products/dis-mekan-led-ekran/p3-07/	InStock	false	false
p4-dis	P4	4	dis	none	no	320 × 160 mm	33.80	USD	2026-12-31	ARLEDSCREEN	https://arledscreen.com	arled@arledscreen.com	https://arledscreen.com/tr/products/dis-mekan-led-ekran/p4/	InStock	false	false
p4-dis-front	P4	4	dis	none	yes	320 × 160 mm	36.40	USD	2026-12-31	ARLEDSCREEN	https://arledscreen.com	arled@arledscreen.com	https://arledscreen.com/tr/products/dis-mekan-led-ekran/p4-on-servis/	InStock	false	false
p5-dis	P5	5	dis	none	no	320 × 160 mm	29.90	USD	2026-12-31	ARLEDSCREEN	https://arledscreen.com	arled@arledscreen.com	https://arledscreen.com/tr/products/dis-mekan-led-ekran/p5/	InStock	false	false
