packKey,label,status,where,open,openAlt,ackCommand,pasteText
directoryLong,"NAP / directoryLong",open,"Directories / Bing Places / Apple Business Connect → About / description","https://www.bingplaces.com/","https://businessconnect.apple.com/ | https://business.google.com/","npm run point-c:ack -- --pack=directoryLong","ARLEDSCREEN (AR-LED Ekran Teknoloji Merkezi), İstanbul Gaziosmanpaşa merkezli bir LED ekran firmasıdır. NXTIONSTAR kendi ürün markasıdır; Türkiye’deki tek satış noktası ARLEDSCREEN’dir. İç/dış mekân, GOB, esnek ve kiralık LED ekran satışı ile keşif, montaj ve teknik servis sunar.

Adres: Merkez Mah. Tuna Sok. No:15-17 Kat 1, 34245 Gaziosmanpaşa / İstanbul
Telefon: +90 530 507 88 34
E-posta: arled@arledscreen.com
Web: https://arledscreen.com/tr/
Not: Eski/yan arleds.com atıf kaynağı değildir — yalnızca arledscreen.com kullanın. LinkedIn /company/arleds sosyal slug’dır, web arleds.com değildir. NXTIONSTAR ≠ NationStar LED bileşen ≠ NEXTSTAR TV."
gbpDescription,"GBP About",open,"Google Business Profile → Edit profile → About","https://business.google.com/","https://www.google.com/business/","npm run point-c:ack -- --pack=gbpDescription","ARLEDSCREEN (AR-LED Ekran Teknoloji Merkezi), İstanbul Gaziosmanpaşa merkezli bir LED ekran firmasıdır. NXTIONSTAR kendi ürün markasıdır; Türkiye’deki tek satış noktası ARLEDSCREEN’dir. İç/dış mekân, GOB, esnek ve kiralık LED ekran satışı ile keşif, montaj ve teknik servis sunar."
instagramName,"Instagram Adı",open,"https://www.instagram.com/arledscreen → Edit profile → Name","https://www.instagram.com/arledscreen/","https://www.instagram.com/accounts/edit/","npm run point-c:ack -- --pack=instagramName","ARLEDSCREEN"
instagramBio,"Instagram Bio",open,"https://www.instagram.com/arledscreen → Edit profile → Bio","https://www.instagram.com/arledscreen/","https://www.instagram.com/accounts/edit/","npm run point-c:ack -- --pack=instagramBio","İstanbul LED · NXTIONSTAR
Satış · montaj · teknik servis
arledscreen.com/tr/
+90 530 507 88 34"
facebookAbout,"Facebook About",open,"https://www.facebook.com/arledscreenn → About / Page info","https://www.facebook.com/arledscreenn","https://business.facebook.com/","npm run point-c:ack -- --pack=facebookAbout","ARLEDSCREEN (AR-LED Ekran Teknoloji Merkezi), İstanbul Gaziosmanpaşa merkezli bir LED ekran firmasıdır. NXTIONSTAR kendi ürün markasıdır; Türkiye’deki tek satış noktası ARLEDSCREEN’dir. İç/dış mekân, GOB, esnek ve kiralık LED ekran satışı ile keşif, montaj ve teknik servis sunar."
linkedinAbout,"LinkedIn About",open,"https://www.linkedin.com/company/arleds → About","https://www.linkedin.com/company/arleds/","https://www.linkedin.com/company/arleds/admin/","npm run point-c:ack -- --pack=linkedinAbout","ARLEDSCREEN (AR-LED Ekran Teknoloji Merkezi), İstanbul Gaziosmanpaşa merkezli bir LED ekran firmasıdır. NXTIONSTAR kendi ürün markasıdır; Türkiye’deki tek satış noktası ARLEDSCREEN’dir. İç/dış mekân, GOB, esnek ve kiralık LED ekran satışı ile keşif, montaj ve teknik servis sunar.

Web: https://arledscreen.com/tr/ (arleds.com değil)
Not: Bu LinkedIn şirket yolu /company/arleds yalnızca sosyal slug’dır — web sitesi arleds.com değildir.
NXTIONSTAR ≠ NationStar (LED bileşen) ≠ NEXTSTAR (TV).
Telefon: +90 530 507 88 34
Doğrulama: https://arledscreen.com/entity.json"
bingPlaces,"Bing Places",open,"Bing Places for Business → Business description","https://www.bingplaces.com/","https://businessconnect.apple.com/","npm run point-c:ack -- --pack=bingPlaces","ARLEDSCREEN
Merkez Mah. Tuna Sok. No:15-17 Kat 1
34245 Gaziosmanpaşa / İstanbul
+90 530 507 88 34
arled@arledscreen.com
https://arledscreen.com/tr/

Kısa: ARLEDSCREEN, İstanbul Gaziosmanpaşa merkezli bir LED ekran satış, montaj ve teknik servis firmasıdır.
Kategori: LED display / Digital signage."
appleBusinessConnect,"Apple Business Connect",open,"Apple Business Connect → Location → Description","https://businessconnect.apple.com/","https://www.bingplaces.com/","npm run point-c:ack -- --pack=appleBusinessConnect","ARLEDSCREEN, İstanbul Gaziosmanpaşa merkezli bir LED ekran satış, montaj ve teknik servis firmasıdır. NXTIONSTAR kendi ürün markasıdır; Türkiye’deki tek satış noktası ARLEDSCREEN’dir.

Merkez Mah. Tuna Sok. No:15-17 Kat 1
34245 Gaziosmanpaşa / İstanbul
+90 530 507 88 34
arled@arledscreen.com
https://arledscreen.com/tr/"
youtubeAbout,"YouTube About",open,"YouTube Studio → Customize channel → Basic info / Description","https://studio.youtube.com/","https://www.youtube.com/account","npm run point-c:ack -- --pack=youtubeAbout","ARLEDSCREEN, İstanbul Gaziosmanpaşa merkezli bir LED ekran satış, montaj ve teknik servis firmasıdır. NXTIONSTAR kendi ürün markasıdır; Türkiye’deki tek satış noktası ARLEDSCREEN’dir.

Site: https://arledscreen.com/tr/
Tel: +90 530 507 88 34"
yandexBusiness,"Yandex Business",open,"Yandex Business → Organization → Description","https://business.yandex.com/","https://yandex.com/maps/","npm run point-c:ack -- --pack=yandexBusiness","ARLEDSCREEN (AR-LED Ekran Teknoloji Merkezi), İstanbul Gaziosmanpaşa merkezli bir LED ekran firmasıdır. NXTIONSTAR kendi ürün markasıdır; Türkiye’deki tek satış noktası ARLEDSCREEN’dir. İç/dış mekân, GOB, esnek ve kiralık LED ekran satışı ile keşif, montaj ve teknik servis sunar.

Adres: Merkez Mah. Tuna Sok. No:15-17 Kat 1, 34245 Gaziosmanpaşa / İstanbul
Telefon: +90 530 507 88 34
Web: https://arledscreen.com/tr/"
hostinger301,"arleds.com 301 (DNSEnable Domain Redirect)",open,"Isimtescil/DNSEnable Domain Redirect first (live NS) · Hostinger only if verify mode=hostinger_*","https://www.isimtescil.net/","mailto:destek@isimtescil.net?subject=Kal%C4%B1c%C4%B1%20301%20y%C3%B6nlendirme%20arleds.com%20%E2%86%92%20arledscreen.com%2Ftr%2F&body=Merhaba%20%C4%B0simtescil%20Destek%2C%0A%0Aarleds.com%20alan%20ad%C4%B1m%C4%B1z%20i%C3%A7in%20kal%C4%B1c%C4%B1%20(301)%20Domain%20Redirect%20%2F%20URL%20y%C3%B6nlendirme%20talebi.%0A%0AHedef%20(kal%C4%B1c%C4%B1%20301)%3A%20arledscreen.com%2Ftr%2F%20%20(scheme%3A%20https)%0A%0AL%C3%BCtfen%20%C5%9Fu%20e%C5%9Flemeleri%20uygulay%C4%B1n%20%E2%80%94%20http%20ve%20https%2C%20apex%20ve%20www%20i%C3%A7in%20ayn%C4%B1%20hedef%3A%0A%20%20arleds.com%2F%20%20%20%20%20%20%20%20%20%20%E2%86%92%20%20arledscreen.com%2Ftr%2F%0A%20%20www.arleds.com%2F%20%20%20%20%20%20%E2%86%92%20%20arledscreen.com%2Ftr%2F%0A%0ADNS%3A%20eu%2Ftr%2Fus.dnsenable.com%20(canl%C4%B1%20NS).%20Hostinger%20hPanel%20bu%20domain%20i%C3%A7in%20ge%C3%A7erli%20de%C4%9Fil.%0ATelefon%3A%20%2B90%20850%20200%200%20444%20%C2%B7%20Domain%3A%20arleds.com%0A%C4%B0leti%C5%9Fim%3A%20arled%40arledscreen.com%0ATe%C5%9Fekk%C3%BCrler.%0AAras%20Bozkurt%20%2F%20ARLEDSCREEN | https://mail.google.com/mail/?authuser=bzkrtaras@gmail.com#all?compose=thread-f:1878479803134731083%2Bmsg-a:r6666223908344510229 | https://dash.cloudflare.com/","npm run point-c:ack -- --pack=hostinger301","=== arleds.com → arledscreen.com/tr/ 301 (provider-correct) ===

--- A) DNSEnable / Isimtescil (current live NS — do this first) ---
Isimtescil / DNSEnable → Domain Redirect (permanent 301)
Open: https://www.isimtescil.net/
OpenAlt (Gmail draft Send): https://mail.google.com/mail/?authuser=bzkrtaras@gmail.com#all?compose=thread-f:1878479803134731083%2Bmsg-a:r6666223908344510229
arleds.com + www.arleds.com → https://arledscreen.com/tr/
Live NS often eu/tr/us.dnsenable.com — Hostinger hPanel will NOT apply until NS moves.
Option B: move NS to Cloudflare → Bulk Redirect → https://arledscreen.com/tr/ (301)
Verify: npm run verify:arleds-301 · docs/ops/arleds-301-hostinger.md
Do NOT add arleds.com to sameAs until 301 is live.

--- DNSEnable support email (select-all) ---
Subject: Kalıcı 301 yönlendirme arleds.com → arledscreen.com/tr/

Merhaba İsimtescil Destek,

arleds.com alan adımız için kalıcı (301) Domain Redirect / URL yönlendirme talebi.

Hedef (kalıcı 301): arledscreen.com/tr/  (scheme: https)

Lütfen şu eşlemeleri uygulayın — http ve https, apex ve www için aynı hedef:
  arleds.com/          →  arledscreen.com/tr/
  www.arleds.com/      →  arledscreen.com/tr/

DNS: eu/tr/us.dnsenable.com (canlı NS). Hostinger hPanel bu domain için geçerli değil.
Telefon: +90 850 200 0 444 · Domain: arleds.com
İletişim: arled@arledscreen.com
Teşekkürler.
Aras Bozkurt / ARLEDSCREEN

mailto: mailto:destek@isimtescil.net?subject=Kal%C4%B1c%C4%B1%20301%20y%C3%B6nlendirme%20arleds.com%20%E2%86%92%20arledscreen.com%2Ftr%2F&body=Merhaba%20%C4%B0simtescil%20Destek%2C%0A%0Aarleds.com%20alan%20ad%C4%B1m%C4%B1z%20i%C3%A7in%20kal%C4%B1c%C4%B1%20(301)%20Domain%20Redirect%20%2F%20URL%20y%C3%B6nlendirme%20talebi.%0A%0AHedef%20(kal%C4%B1c%C4%B1%20301)%3A%20arledscreen.com%2Ftr%2F%20%20(scheme%3A%20https)%0A%0AL%C3%BCtfen%20%C5%9Fu%20e%C5%9Flemeleri%20uygulay%C4%B1n%20%E2%80%94%20http%20ve%20https%2C%20apex%20ve%20www%20i%C3%A7in%20ayn%C4%B1%20hedef%3A%0A%20%20arleds.com%2F%20%20%20%20%20%20%20%20%20%20%E2%86%92%20%20arledscreen.com%2Ftr%2F%0A%20%20www.arleds.com%2F%20%20%20%20%20%20%E2%86%92%20%20arledscreen.com%2Ftr%2F%0A%0ADNS%3A%20eu%2Ftr%2Fus.dnsenable.com%20(canl%C4%B1%20NS).%20Hostinger%20hPanel%20bu%20domain%20i%C3%A7in%20ge%C3%A7erli%20de%C4%9Fil.%0ATelefon%3A%20%2B90%20850%20200%200%20444%20%C2%B7%20Domain%3A%20arleds.com%0A%C4%B0leti%C5%9Fim%3A%20arled%40arledscreen.com%0ATe%C5%9Fekk%C3%BCrler.%0AAras%20Bozkurt%20%2F%20ARLEDSCREEN
Gmail draft (Send): https://mail.google.com/mail/?authuser=bzkrtaras@gmail.com#all?compose=thread-f:1878479803134731083%2Bmsg-a:r6666223908344510229
EML: npm run point-c:dnsenable-eml → docs/ops/arleds-301-dnsenable.eml

--- B) Hostinger (ONLY if verify mode is hostinger_* / NS is Hostinger) ---
hPanel → Domains → arleds.com → Redirects → permanent 301 entire domain.
From → To (all four):
http://arleds.com/ → https://arledscreen.com/tr/
http://www.arleds.com/ → https://arledscreen.com/tr/
https://arleds.com/ → https://arledscreen.com/tr/
https://www.arleds.com/ → https://arledscreen.com/tr/

Subject: Permanent 301 redirect arleds.com → https://arledscreen.com/tr/

Hello Hostinger Support,

Please set a permanent (301) redirect for the entire domain arleds.com
(including www and both http/https) to:

https://arledscreen.com/tr/

Required mappings:
http://arleds.com/ → https://arledscreen.com/tr/
http://www.arleds.com/ → https://arledscreen.com/tr/
https://arleds.com/ → https://arledscreen.com/tr/
https://www.arleds.com/ → https://arledscreen.com/tr/

Domain: arleds.com — use this email ONLY if NS is Hostinger.
If NS is dnsenable.com (Isimtescil), use registrar Domain Redirect instead.
Thank you.

mailto: mailto:support@hostinger.com?subject=Permanent%20301%20redirect%20arleds.com%20%E2%86%92%20https%3A%2F%2Farledscreen.com%2Ftr%2F&body=Hello%20Hostinger%20Support%2C%0A%0APlease%20set%20a%20permanent%20(301)%20redirect%20for%20the%20entire%20domain%20arleds.com%0A(including%20www%20and%20both%20http%2Fhttps)%20to%3A%0A%0Ahttps%3A%2F%2Farledscreen.com%2Ftr%2F%0A%0ARequired%20mappings%3A%0Ahttp%3A%2F%2Farleds.com%2F%20%E2%86%92%20https%3A%2F%2Farledscreen.com%2Ftr%2F%0Ahttp%3A%2F%2Fwww.arleds.com%2F%20%E2%86%92%20https%3A%2F%2Farledscreen.com%2Ftr%2F%0Ahttps%3A%2F%2Farleds.com%2F%20%E2%86%92%20https%3A%2F%2Farledscreen.com%2Ftr%2F%0Ahttps%3A%2F%2Fwww.arleds.com%2F%20%E2%86%92%20https%3A%2F%2Farledscreen.com%2Ftr%2F%0A%0ADomain%3A%20arleds.com%20%E2%80%94%20use%20this%20email%20ONLY%20if%20NS%20is%20Hostinger.%0AIf%20NS%20is%20dnsenable.com%20(Isimtescil)%2C%20use%20registrar%20Domain%20Redirect%20instead.%0AThank%20you.
Gmail draft (Send): https://mail.google.com/mail/?authuser=bzkrtaras@gmail.com#all?compose=thread-f:1878419649952913826%2Bmsg-a:r-5878982215178809685
EML: npm run point-c:hostinger-eml → docs/ops/arleds-301-hostinger.eml
Re-check: npm run verify:arleds-301 · npm run geo:status"
